www.vikona.ru,,Vikona,14457
www.wppaper.cn,,Wppaper,13017
www.acospack.com,,Acospack,15435
www.addaondulati.com,,Addaondulati,9469
www.adornpackaging.com,,Adornpackaging,11746
www.agricolaimballaggi.it,,Agricolaimballaggi,9680
www.akplas.com.tr,,Akplas,14334
www.alcion.com,,Alcion,13785
www.alfaflex.fr,,Alfaflex,14892
www.alfapacacon.se,,Alfapacacon,15404
www.alpla.com,,Alpla,10281
www.alpla.com.pl,,Alpla,11885
www.alplashitech.co.th,,Alplashitech,9426
www.amb.se,,Amb,9537
www.ambgroup.net,,Ambgroup,15060
