www.0404i.com,,0404I,11951
www.aep-group.com,,Aep-Group,13152
www.almarmadeinitaly.it,,Almarmadeinitaly,9101
www.alternat.ru,,Alternat,12710
www.anbinhpaper.com,,Anbinhpaper,11418
www.ansapack.com/about-us.html,,Ansapack,11458
www.aragonsk.ru,,Aragonsk,10024
www.arizlu.com,,Arizlu,11815
www.balahnakarton.ru,,Balahnakarton,10559
www.bestmould.com.cn,,Bestmould,11007
www.big-bag.ru,,Big-Bag,10807
www.cfmat.com,,Cfmat,13199
www.chongwahgroup.com,,Chongwahgroup,12416
www.complast.biz,,Complast,11872
www.czlituo.com,,Czlituo,13970
www.dongjinltd.co.kr/bara/dmian.html,,Dongjinltd,14569
www.dppsm.ru,,Dppsm,11587
en.derobertis.it,,Derobertis,10308
www.enoplastic.com,,Enoplastic,13776
www.europolimergroup.com,,Europolimergroup,14001
www.evroplast.ru,,Evroplast,13784
www.fibcvn.com,,Fibcvn,10897
www.fujikagakukk.com,,Fujikagakukk,13361
www.genfac.com.au,,Genfac,10417
www.gofromaster.com,,Gofromaster,12751
www.gofron.opt.ru,,Gofron,10713
www.gofrotara54.com,,Gofrotara54,10290
www.gotek.ru,,Gotek,11845
www.grupoespumados.com,,Grupoespumados,13868
www.hftianma.cn,,Hftianma,11287
www.hnxhbz.com,,Hnxhbz,14642
www.hq-packaging.com,,Hq-Packaging,12031
www.huaaopaper.com,,Huaaopaper,12810
www.hyundaesheet.co.kr,,Hyundaesheet,15006
www.integraldeempaques.com,,Integraldeempaques,12511
www.jtpackoffoods.com,,Jtpackoffoods,15160
www.jychemical.com,,Jychemical,12295
www.jyfdzx.com,,Jyfdzx,9288
www.kanazawakasei.co.jp,,Kanazawakasei,11016
www.kaneyama-shokai.co.jp,,Kaneyama-Shokai,10604
www.kinkidanboru.com,,Kinkidanboru,9777
www.kk-yoshizawa.com,,Kk-Yoshizawa,12103
www.koshigayakasei.jp,,Koshigayakasei,10923
www.limatonupakovka.ru,,Limatonupakovka,13815
www.livia.in,,Livia,14601
www.megaplast-toropec.n4.biz,,Megaplast-Toropec,13518
www.mitsumaruhk.com.hk,,Mitsumaruhk,13456
www.mplastika.ru,,Mplastika,13757
www.my618114.panpages.my,,My618114,11599
www.namthaison.com.vn,,Namthaison,14832
www.nbblow.co.jp,,Nbblow,12580
www.n-karton.ru,,N-Karton,12536
www.pack.ru,,Pack,13079
www.packfilm.ru,,Packfilm,10480
www.pallet-sh.com,,Pallet-Sh,10253
www.pechatnya.ru,,Pechatnya,13687
www.ph525578.panpages.ph,,Ph525578,14627
www.ph66426.panpages.ph,,Ph66426,9874
www.plahard.co.jp,,Plahard,11952
www.plascup.cn,,Plascup,15243
www.plastikfortore.com,,Plastikfortore,12853
www.polymersm.ru,,Polymersm,11686
www.proenfar.proenfar.com,,Proenfar,14082
www.promis.ru,,Promis,13569
www.remos.ru,,Remos,10739
www.renatolusa.it,,Renatolusa,10641
www.ribble-pack.co.uk,,Ribble-Pack,10345
www.shrijipolymerindia.tradeindia.com,,Shrijipolymerindia,9381
www.siewlamination.thailandpages.com,,Siewlamination,11080
www.solvay.ru,,Solvay,9278
www.sspolyflex.com,,Sspolyflex,14027
www.stirolplast.ru,,Stirolplast,12212
www.sunwaymario.com,,Sunwaymario,11798
www.taikokasei.com,,Taikokasei,12157
www.taiyicn.com,,Taiyicn,12376
www.tikoplastic.com,,Tikoplastic,11372
www.trungkien.com.vn,,Trungkien,9246
www.universalpolybag.com,,Universalpolybag,10902
www.valfex.ru,,Valfex,14301
www.vibiplast.it,,Vibiplast,11256
www.vijayneha.com,,Vijayneha,10567
www.vikona.ru,,Vikona,14457
www.wppaper.cn,,Wppaper,13017
www.acospack.com,,Acospack,15435
www.addaondulati.com,,Addaondulati,9469
www.adornpackaging.com,,Adornpackaging,11746
www.agricolaimballaggi.it,,Agricolaimballaggi,9680
www.akplas.com.tr,,Akplas,14334
www.alcion.com,,Alcion,13785
www.alfaflex.fr,,Alfaflex,14892
www.alfapacacon.se,,Alfapacacon,15404
www.alpla.com,,Alpla,10281
www.alpla.com.pl,,Alpla,11885
www.alplashitech.co.th,,Alplashitech,9426
www.amb.se,,Amb,9537
www.ambgroup.net,,Ambgroup,15060
